id,symbolA,family,transition,symbolB,incidentEnergy,weightFractionA,kRatio,takeoffAngle
1,Al,K,a,Fe,20.00,0.2410,0.1240,52.50
2,Al,K,a,Fe,25.00,0.2410,0.0980,52.50
3,Al,K,a,Fe,30.00,0.2410,0.0830,52.50
4,Fe,K,a,Al,20.00,0.7590,0.7360,52.50
5,Fe,K,a,Al,25.00,0.7590,0.7420,52.50
6,Fe,K,a,Al,30.00,0.7590,0.7480,52.50
7,Fe,K,a,S,10.00,0.4660,0.4060,75.00
8,Fe,K,a,S,12.00,0.4660,0.4210,75.00
9,Fe,K,a,S,15.00,0.4660,0.4250,75.00
10,Fe,K,a,S,20.00,0.4660,0.4250,75.00
11,Fe,K,a,S,25.00,0.4660,0.4220,75.00
12,Fe,K,a,S,30.00,0.4660,0.4190,75.00
13,Al,K,a,B,4.00,0.5551,0.5150,40.00
14,Al,K,a,B,6.00,0.5551,0.5178,40.00
15,Al,K,a,B,8.00,0.5551,0.5188,40.00
16,Al,K,a,B,10.00,0.5551,0.5200,40.00
17,Al,K,a,B,12.00,0.5551,0.5198,40.00
18,Al,K,a,B,15.00,0.5551,0.5170,40.00
19,Al,K,a,B,20.00,0.5551,0.5130,40.00
20,Al,K,a,B,25.00,0.5551,0.5080,40.00
21,Al,K,a,B,30.00,0.5551,0.5030,40.00
22,Al,K,a,B,4.00,0.1722,0.1500,40.00
23,Al,K,a,B,6.00,0.1722,0.1502,40.00
24,Al,K,a,B,8.00,0.1722,0.1503,40.00
25,Al,K,a,B,10.00,0.1722,0.1503,40.00
26,Al,K,a,B,12.00,0.1722,0.1503,40.00
27,Al,K,a,B,15.00,0.1722,0.1504,40.00
28,Al,K,a,B,20.00,0.1722,0.1495,40.00
29,Al,K,a,B,25.00,0.1722,0.1490,40.00
30,Al,K,a,B,30.00,0.1722,0.1455,40.00
31,Si,K,a,B,4.00,0.4780,0.4465,40.00
32,Si,K,a,B,6.00,0.4780,0.4528,40.00
33,Si,K,a,B,8.00,0.4780,0.4580,40.00
34,Si,K,a,B,10.00,0.4780,0.4622,40.00
35,Si,K,a,B,12.00,0.4780,0.4658,40.00
36,Si,K,a,B,15.00,0.4780,0.4696,40.00
37,Si,K,a,B,20.00,0.4780,0.4738,40.00
38,Si,K,a,B,25.00,0.4780,0.4758,40.00
39,Si,K,a,B,30.00,0.4780,0.4760,40.00
40,Si,K,a,B,4.00,0.3143,0.2900,40.00
41,Si,K,a,B,6.00,0.3143,0.2940,40.00
42,Si,K,a,B,8.00,0.3143,0.2978,40.00
43,Si,K,a,B,10.00,0.3143,0.3002,40.00
44,Si,K,a,B,12.00,0.3143,0.3036,40.00
45,Si,K,a,B,15.00,0.3143,0.3072,40.00
46,Si,K,a,B,20.00,0.3143,0.3120,40.00
47,Si,K,a,B,25.00,0.3143,0.3140,40.00
48,Si,K,a,B,30.00,0.3143,0.3156,40.00
49,Ti,K,a,B,6.00,0.8322,0.7922,40.00
50,Ti,K,a,B,8.00,0.8322,0.7937,40.00
51,Ti,K,a,B,10.00,0.8322,0.7942,40.00
52,Ti,K,a,B,12.00,0.8322,0.7960,40.00
53,Ti,K,a,B,15.00,0.8322,0.7978,40.00
54,Ti,K,a,B,20.00,0.8322,0.8012,40.00
55,Ti,K,a,B,25.00,0.8322,0.8042,40.00
56,Ti,K,a,B,30.00,0.8322,0.8077,40.00
57,Ti,K,a,B,6.00,0.6993,0.6330,40.00
58,Ti,K,a,B,8.00,0.6993,0.6400,40.00
59,Ti,K,a,B,10.00,0.6993,0.6462,40.00
60,Ti,K,a,B,12.00,0.6993,0.6513,40.00
61,Ti,K,a,B,15.00,0.6993,0.6578,40.00
62,Ti,K,a,B,20.00,0.6993,0.6662,40.00
63,Ti,K,a,B,25.00,0.6993,0.6738,40.00
64,Ti,K,a,B,30.00,0.6993,0.6782,40.00
65,V,K,a,B,6.00,0.7160,0.6378,40.00
66,V,K,a,B,8.00,0.7160,0.6500,40.00
67,V,K,a,B,10.00,0.7160,0.6602,40.00
68,V,K,a,B,12.00,0.7160,0.6681,40.00
69,V,K,a,B,15.00,0.7160,0.6770,40.00
70,V,K,a,B,20.00,0.7160,0.6878,40.00
71,V,K,a,B,25.00,0.7160,0.6939,40.00
72,V,K,a,B,30.00,0.7160,0.6977,40.00
73,Cr,K,a,B,8.00,0.8320,0.7758,40.00
74,Cr,K,a,B,10.00,0.8320,0.7840,40.00
75,Cr,K,a,B,12.00,0.8320,0.7905,40.00
76,Cr,K,a,B,15.00,0.8320,0.7981,40.00
77,cr,K,a,B,20.00,0.8320,0.8070,40.00
78,Cr,K,a,B,25.00,0.8320,0.8122,40.00
79,Cr,K,a,B,30.00,0.8320,0.8156,40.00
80,Cr,K,a,B,8.00,0.7269,0.6230,40.00
81,Cr,K,a,B,10.00,0.7269,0.6374,40.00
82,Cr,K,a,B,12.00,0.7269,0.6480,40.00
83,Cr,K,a,B,15.00,0.7269,0.6603,40.00
84,Cr,K,a,B,20.00,0.7269,0.6738,40.00
85,Cr,K,a,B,25.00,0.7269,0.6810,40.00
86,Cr,K,a,B,30.00,0.7269,0.6850,40.00
87,Fe,K,a,B,8.00,0.9118,0.8680,40.00
88,Fe,K,a,B,10.00,0.9118,0.8730,40.00
89,Fe,K,a,B,12.00,0.9118,0.8764,40.00
90,Fe,K,a,B,15.00,0.9118,0.8821,40.00
91,Fe,K,a,B,20.00,0.9118,0.8888,40.00
92,Fe,K,a,B,25.00,0.9118,0.8940,40.00
93,Fe,K,a,B,30.00,0.9118,0.8970,40.00
94,Fe,K,a,B,8.00,0.8378,0.7823,40.00
95,Fe,K,a,B,10.00,0.8378,0.7922,40.00
96,Fe,K,a,B,12.00,0.8378,0.8002,40.00
97,Fe,K,a,B,15.00,0.8378,0.8098,40.00
98,Fe,K,a,B,20.00,0.8378,0.8203,40.00
99,Fe,K,a,B,25.00,0.8378,0.8280,40.00
100,Fe,K,a,B,30.00,0.8378,0.8330,40.00
101,Co,K,a,B,10.00,0.9160,0.8660,40.00
102,Co,K,a,B,12.00,0.9160,0.8832,40.00
103,Co,K,a,B,15.00,0.9160,0.8980,40.00
104,Co,K,a,B,20.00,0.9160,0.9101,40.00
105,Co,K,a,B,25.00,0.9160,0.9120,40.00
106,Co,K,a,B,30.00,0.9160,0.9078,40.00
107,Co,K,a,B,10.00,0.8450,0.7823,40.00
108,Co,K,a,B,12.00,0.8450,0.7939,40.00
109,Co,K,a,B,15.00,0.8450,0.8058,40.00
110,Co,K,a,B,20.00,0.8450,0.8180,40.00
111,Co,K,a,B,25.00,0.8450,0.8244,40.00
112,Co,K,a,B,30.00,0.8450,0.8278,40.00
113,Ni,K,a,B,10.00,0.9422,0.9238,40.00
114,Ni,K,a,B,12.00,0.9422,0.9262,40.00
115,Ni,K,a,B,15.00,0.9422,0.9303,40.00
116,Ni,K,a,B,20.00,0.9422,0.9358,40.00
117,Ni,K,a,B,25.00,0.9422,0.9380,40.00
118,Ni,K,a,B,30.00,0.9422,0.9382,40.00
119,Ni,K,a,B,10.00,0.9157,0.8858,40.00
120,Ni,K,a,B,12.00,0.9157,0.8899,40.00
121,Ni,K,a,B,15.00,0.9157,0.8950,40.00
122,Ni,K,a,B,20.00,0.9157,0.9005,40.00
123,Ni,K,a,B,25.00,0.9157,0.9040,40.00
124,Ni,K,a,B,30.00,0.9157,0.9060,40.00
125,Ni,K,a,B,10.00,0.8560,0.8083,40.00
126,Ni,K,a,B,12.00,0.8560,0.8180,40.00
127,Ni,K,a,B,15.00,0.8560,0.8283,40.00
128,Ni,K,a,B,20.00,0.8560,0.8388,40.00
129,Ni,K,a,B,25.00,0.8560,0.8438,40.00
130,Ni,K,a,b,30.00,0.8560,0.8450,40.00
131,Zr,L,a,B,4.00,0.8211,0.7540,40.00
132,Zr,L,a,B,6.00,0.8211,0.7662,40.00
133,Zr,L,a,B,8.00,0.8211,0.7770,40.00
134,Zr,L,a,B,10.00,0.8211,0.7855,40.00
135,Zr,L,a,B,12.00,0.8211,0.7930,40.00
136,Zr,L,a,B,15.00,0.8211,0.8024,40.00
137,Zr,L,a,B,20.00,0.8211,0.8140,40.00
138,Zr,L,a,B,25.00,0.8211,0.8225,40.00
139,Zr,L,a,B,30.00,0.8211,0.8290,40.00
140,Nb,L,a,B,4.00,0.8958,0.8588,40.00
141,Nb,L,a,B,6.00,0.8958,0.8680,40.00
142,Nb,L,a,B,8.00,0.8958,0.8758,40.00
143,Nb,L,a,B,10.00,0.8958,0.8820,40.00
144,Nb,L,a,B,12.00,0.8958,0.8878,40.00
145,Nb,L,a,B,15.00,0.8958,0.8942,40.00
146,Nb,L,a,B,20.00,0.8958,0.9036,40.00
147,Nb,L,a,B,25.00,0.8958,0.9100,40.00
148,Nb,L,a,b,30.00,0.8958,0.9157,40.00
149,Nb,L,a,B,4.00,0.8285,0.7502,40.00
150,Nb,L,a,B,6.00,0.8285,0.7640,40.00
151,Nb,L,a,B,8.00,0.8285,0.7760,40.00
152,Nb,L,a,B,10.00,0.8285,0.7862,40.00
153,Nb,L,a,B,12.00,0.8285,0.7950,40.00
154,Nb,L,a,B,15.00,0.8285,0.8060,40.00
155,Nb,L,a,B,20.00,0.8285,0.8210,40.00
156,Nb,L,a,B,25.00,0.8285,0.8338,40.00
157,Nb,L,a,B,30.00,0.8285,0.8442,40.00
158,Mo,L,a,B,4.00,0.8987,0.8401,40.00
159,Mo,L,a,B,6.00,0.8987,0.8500,40.00
160,Mo,L,a,B,8.00,0.8987,0.8580,40.00
161,Mo,L,a,B,10.00,0.8987,0.8660,40.00
162,Mo,L,a,B,12.00,0.8987,0.8731,40.00
163,Mo,L,a,B,15.00,0.8987,0.8828,40.00
164,Mo,L,a,B,20.00,0.8987,0.8978,40.00
165,Mo,L,a,B,25.00,0.8987,0.9100,40.00
166,Mo,L,a,B,30.00,0.8987,0.9202,40.00
167,Ta,M,a,B,4.00,0.9436,0.9160,40.00
168,Ta,M,a,B,6.00,0.9436,0.9208,40.00
169,Ta,M,a,B,8.00,0.9436,0.9258,40.00
170,Ta,M,a,B,10.00,0.9436,0.9295,40.00
171,Ta,M,a,B,12.00,0.9436,0.9324,40.00
172,Ta,M,a,B,15.00,0.9436,0.9365,40.00
173,Ta,M,a,B,20.00,0.9436,0.9430,40.00
174,Ta,M,a,B,25.00,0.9436,0.9462,40.00
175,Ta,M,a,B,30.00,0.9436,0.9482,40.00
176,Ta,L,a,B,12.00,0.9436,0.9158,40.00
177,Ta,L,a,B,15.00,0.9436,0.9193,40.00
178,Ta,L,a,B,20.00,0.9436,0.9230,40.00
179,Ta,L,a,B,25.00,0.9436,0.9258,40.00
180,Ta,L,a,B,30.00,0.9436,0.9260,40.00
181,Ta,M,a,B,4.00,0.9077,0.8478,40.00
182,Ta,M,a,B,6.00,0.9077,0.8560,40.00
183,Ta,M,a,B,8.00,0.9077,0.8625,40.00
184,Ta,M,a,B,10.00,0.9077,0.8690,40.00
185,Ta,M,a,B,12.00,0.9077,0.8740,40.00
186,Ta,M,a,B,15.00,0.9077,0.8803,40.00
187,Ta,M,a,B,20.00,0.9077,0.8895,40.00
188,Ta,M,a,B,25.00,0.9077,0.8960,40.00
189,Ta,M,a,B,30.00,0.9077,0.9002,40.00
190,Ta,L,a,B,12.00,0.9077,0.8230,40.00
191,Ta,L,a,B,15.00,0.9077,0.8365,40.00
192,Ta,L,a,B,20.00,0.9077,0.8525,40.00
193,Ta,L,a,B,25.00,0.9077,0.8622,40.00
194,Ta,L,a,B,30.00,0.9077,0.8690,40.00
195,W,M,a,B,4.00,0.9445,0.8850,40.00
196,W,M,a,B,6.00,0.9445,0.8950,40.00
197,W,M,a,B,8.00,0.9445,0.9038,40.00
198,W,M,a,B,10.00,0.9445,0.9105,40.00
199,W,M,a,B,12.00,0.9445,0.9178,40.00
200,W,M,a,B,15.00,0.9445,0.9258,40.00
201,W,M,a,B,20.00,0.9445,0.9375,40.00
202,W,M,a,B,25.00,0.9445,0.9463,40.00
203,W,M,a,B,30.00,0.9445,0.9530,40.00
204,W,L,a,B,12.00,0.9445,0.8918,40.00
205,W,L,a,B,15.00,0.9445,0.8990,40.00
206,W,L,a,B,20.00,0.9445,0.9103,40.00
207,W,L,a,B,25.00,0.9445,0.9198,40.00
208,W,L,a,B,30.00,0.9445,0.9264,40.00
209,Au,M,a,Cu,5.20,0.5080,0.4259,40.00
210,Au,M,a,Cu,10.40,0.5080,0.4203,40.00
211,Au,M,a,Cu,15.70,0.5080,0.4034,40.00
212,Au,M,a,Cu,20.80,0.5080,0.3865,40.00
213,Au,M,a,Cu,26.10,0.5080,0.3668,40.00
214,Au,M,a,Cu,31.50,0.5080,0.3499,40.00
215,Au,M,a,Cu,36.60,0.5080,0.3405,40.00
216,Au,M,a,Cu,39.70,0.5080,0.3349,40.00
217,Au,M,a,Cu,5.20,0.3000,0.2317,40.00
218,Au,M,a,Cu,10.40,0.3000,0.2317,40.00
219,Au,M,a,Cu,15.70,0.3000,0.2186,40.00
220,Au,M,a,Cu,20.80,0.3000,0.2054,40.00
221,Au,M,a,Cu,26.10,0.3000,0.1886,40.00
222,Au,M,a,Cu,31.50,0.3000,0.1773,40.00
223,Au,M,a,Cu,36.60,0.3000,0.1717,40.00
224,Au,M,a,Cu,39.70,0.3000,0.1689,40.00
225,Au,L,a,Cu,25.00,0.8020,0.7620,40.00
226,Au,L,a,Cu,20.00,0.8020,0.7610,40.00
227,Au,L,a,Cu,16.00,0.8020,0.7510,40.00
228,Cu,K,a,Au,25.00,0.1980,0.2350,40.00
229,Cu,K,a,Au,20.00,0.1980,0.2450,40.00
230,Cu,K,a,Au,16.00,0.1980,0.2520,40.00
231,Au,L,a,Cu,25.00,0.6040,0.5370,40.00
232,Au,L,a,Cu,20.00,0.6040,0.5300,40.00
233,Au,L,a,Cu,16.00,0.6040,0.5180,40.00
234,Cu,K,a,Au,25.00,0.3960,0.4470,40.00
235,Cu,K,a,Au,20.00,0.3960,0.4630,40.00
236,Cu,K,a,Au,16.00,0.3960,0.4720,40.00
237,Au,L,a,Cu,25.00,0.4010,0.3380,40.00
238,Au,L,a,Cu,20.00,0.4010,0.3340,40.00
239,Au,L,a,Cu,16.00,0.4010,0.3230,40.00
240,Cu,K,a,Au,25.00,0.5990,0.6430,40.00
241,Cu,K,a,Au,20.00,0.5990,0.6550,40.00
242,Cu,K,a,Au,16.00,0.5990,0.6700,40.00
243,Au,L,a,Cu,25.00,0.2010,0.1550,40.00
244,Au,L,a,Cu,20.00,0.2010,0.1530,40.00
245,Au,L,a,Cu,16.00,0.2010,0.1470,40.00
246,Cu,K,a,Au,25.00,0.7990,0.8270,40.00
247,Cu,K,a,Au,20.00,0.7990,0.8350,40.00
248,Cu,K,a,Au,16.00,0.7990,0.8450,40.00
249,Au,M,a,Cu,14.00,0.8020,0.7420,40.00
250,Au,M,a,Cu,12.00,0.8020,0.7450,40.00
251,Au,M,a,Cu,10.00,0.8020,0.7560,40.00
252,Cu,K,a,Au,14.00,0.1980,0.2570,40.00
253,Cu,K,a,Au,12.00,0.1980,0.2640,40.00
254,Au,M,a,Cu,14.00,0.6040,0.5110,40.00
255,Au,M,a,Cu,12.00,0.6040,0.5140,40.00
256,Au,M,a,Cu,10.00,0.6040,0.5230,40.00
257,Cu,K,a,Au,14.00,0.3960,0.4760,40.00
258,Cu,K,a,Au,12.00,0.3960,0.4940,40.00
259,Au,M,a,Cu,14.00,0.4010,0.3140,40.00
260,Au,M,a,Cu,12.00,0.4010,0.3160,40.00
261,Au,M,a,Cu,10.00,0.4010,0.3220,40.00
262,Cu,K,a,Au,14.00,0.5990,0.6750,40.00
263,Cu,K,a,Au,12.00,0.5990,0.6940,40.00
264,Au,M,a,Cu,14.00,0.2010,0.1430,40.00
265,Au,M,a,Cu,12.00,0.2010,0.1470,40.00
266,Cu,K,a,Au,14.00,0.7990,0.8450,40.00
267,Cu,K,a,Au,12.00,0.7990,0.8530,40.00
268,Au,L,a,Ag,15.00,0.2243,0.2030,52.50
269,Au,L,a,Ag,20.00,0.2243,0.2030,52.50
270,Au,L,a,Ag,30.00,0.2243,0.2110,52.50
271,Au,L,a,Ag,40.00,0.2243,0.2160,52.50
272,Au,L,a,Ag,48.50,0.2243,0.2140,52.50
273,Au,L,a,Ag,15.00,0.4003,0.3680,52.50
274,Au,L,a,Ag,20.00,0.4003,0.3660,52.50
275,Au,L,a,Ag,30.00,0.4003,0.3760,52.50
276,Au,L,a,Ag,40.00,0.4003,0.3840,52.50
277,Au,L,a,Ag,48.50,0.4003,0.3850,52.50
278,Au,L,a,Ag,15.00,0.6005,0.5660,52.50
279,Au,L,a,Ag,20.00,0.6005,0.5730,52.50
280,Au,L,a,Ag,30.00,0.6005,0.5800,52.50
281,Au,L,a,Ag,40.00,0.6005,0.5840,52.50
282,Au,L,a,Ag,48.50,0.6005,0.5840,52.50
283,Au,L,a,Ag,15.00,0.8005,0.7890,52.50
284,Au,L,a,Ag,20.00,0.8005,0.7830,52.50
285,Au,L,a,Ag,30.00,0.8005,0.7830,52.50
286,Au,L,a,Ag,40.00,0.8005,0.7900,52.50
287,Au,L,a,Ag,48.50,0.8005,0.7880,52.50
288,Au,M,a,Ag,10.00,0.2243,0.2010,52.50
289,Au,M,a,Ag,20.00,0.2243,0.1970,52.50
290,Au,M,a,Ag,30.00,0.2243,0.1920,52.50
291,Au,M,a,Ag,40.00,0.2243,0.1850,52.50
292,Au,M,a,Ag,48.50,0.2243,0.1810,52.50
293,Au,M,a,Ag,10.00,0.4003,0.3620,52.50
294,Au,M,a,Ag,20.00,0.4003,0.3640,52.50
295,Au,M,a,Ag,30.00,0.4003,0.3510,52.50
296,Au,M,a,Ag,40.00,0.4003,0.3440,52.50
297,Au,M,a,Ag,48.50,0.4003,0.3370,52.50
298,Au,M,a,Ag,10.00,0.6005,0.5590,52.50
299,Au,M,a,Ag,20.00,0.6005,0.5510,52.50
300,Au,M,a,Ag,30.00,0.6005,0.5470,52.50
301,Au,M,a,Ag,40.00,0.6005,0.5410,52.50
302,Au,M,a,Ag,48.50,0.6005,0.5370,52.50
303,Au,M,a,Ag,10.00,0.8005,0.7710,52.50
304,Au,M,a,Ag,20.00,0.8005,0.7640,52.50
305,Au,M,a,Ag,30.00,0.8005,0.7660,52.50
306,Au,M,a,Ag,40.00,0.8005,0.7610,52.50
307,Au,M,a,Ag,48.50,0.8005,0.7550,52.50
308,Ag,L,a,Au,5.00,0.1996,0.2230,52.50
309,Ag,L,a,Au,10.00,0.1996,0.1910,52.50
310,Ag,L,a,Au,20.00,0.1996,0.1440,52.50
311,Ag,L,a,Au,30.00,0.1996,0.1090,52.50
312,Ag,L,a,Au,40.00,0.1996,0.0887,52.50
313,Ag,L,a,Au,48.50,0.1996,0.0795,52.50
314,Ag,L,a,Au,5.00,0.3992,0.4360,52.50
315,Ag,L,a,Au,10.00,0.3992,0.3860,52.50
316,Ag,L,a,Au,20.00,0.3992,0.3090,52.50
317,Ag,L,a,Au,30.00,0.3992,0.2450,52.50
318,Ag,L,a,Au,40.00,0.3992,0.2080,52.50
319,Ag,L,a,Au,48.50,0.3992,0.1810,52.50
320,Ag,L,a,Au,5.00,0.5993,0.6240,52.50
321,Ag,L,a,Au,10.00,0.5993,0.5840,52.50
322,Ag,L,a,Au,20.00,0.5993,0.5040,52.50
323,Ag,L,a,Au,30.00,0.5993,0.4260,52.50
324,Ag,L,a,Au,40.00,0.5993,0.3750,52.50
325,Ag,L,a,Au,48.50,0.5993,0.3390,52.50
326,Ag,L,a,Au,5.00,0.7758,0.8070,52.50
327,Ag,L,a,Au,10.00,0.7758,0.7640,52.50
328,Ag,L,a,Au,20.00,0.7758,0.7060,52.50
329,Ag,L,a,Au,30.00,0.7758,0.6360,52.50
330,Ag,L,a,Au,40.00,0.7758,0.5860,52.50
331,Ag,L,a,Au,48.50,0.7758,0.5420,52.50
332,Cu,K,a,Au,15.00,0.1983,0.2540,52.50
333,Cu,K,a,Au,20.00,0.1983,0.2470,52.50
334,Cu,K,a,Au,25.00,0.1983,0.2400,52.50
335,Cu,K,a,Au,30.00,0.1983,0.2350,52.50
336,Cu,K,a,Au,40.00,0.1983,0.2180,52.50
337,Cu,K,a,Au,48.50,0.1983,0.2180,52.50
338,Cu,K,a,Au,15.00,0.3964,0.4800,52.50
339,Cu,K,a,Au,20.00,0.3964,0.4640,52.50
340,Cu,K,a,Au,25.00,0.3964,0.4530,52.50
341,Cu,K,a,Au,30.00,0.3964,0.4430,52.50
342,Cu,K,a,Au,40.00,0.3964,0.4160,52.50
343,Cu,K,a,Au,48.50,0.3964,0.4140,52.50
344,Cu,K,a,Au,15.00,0.5992,0.6760,52.50
345,Cu,K,a,Au,20.00,0.5992,0.6630,52.50
346,Cu,K,a,Au,25.00,0.5992,0.6510,52.50
347,Cu,K,a,Au,30.00,0.5992,0.6440,52.50
348,Cu,K,a,Au,40.00,0.5992,0.6160,52.50
349,Cu,K,a,Au,48.50,0.5992,0.6040,52.50
350,Cu,K,a,Au,15.00,0.7985,0.8510,52.50
351,Cu,K,a,Au,20.00,0.7985,0.8410,52.50
352,Cu,K,a,Au,25.00,0.7985,0.8340,52.50
353,Cu,K,a,Au,30.00,0.7985,0.8260,52.50
354,Cu,K,a,Au,40.00,0.7985,0.8150,52.50
355,Cu,K,a,Au,48.50,0.7985,0.8000,52.50
356,Au,L,a,Cu,15.00,0.2012,0.1450,52.50
357,Au,L,a,Cu,20.00,0.2012,0.1580,52.50
358,Au,L,a,Cu,25.00,0.2012,0.1540,52.50
359,Au,L,a,Cu,30.00,0.2012,0.1570,52.50
360,Au,L,a,Cu,48.50,0.2012,0.1520,52.50
361,Au,L,a,Cu,15.00,0.4010,0.3120,52.50
362,Au,L,a,Cu,20.00,0.4010,0.3330,52.50
363,Au,L,a,Cu,25.00,0.4010,0.3310,52.50
364,Au,L,a,Cu,30.00,0.4010,0.3310,52.50
365,Au,L,a,Cu,48.50,0.4010,0.3260,52.50
366,Au,L,a,Cu,15.00,0.6036,0.5110,52.50
367,Au,L,a,Cu,20.00,0.6036,0.5310,52.50
368,Au,L,a,Cu,25.00,0.6036,0.5290,52.50
369,Au,L,a,Cu,30.00,0.6036,0.5330,52.50
370,Au,L,a,Cu,48.50,0.6036,0.5210,52.50
371,Au,L,a,Cu,15.00,0.8015,0.7400,52.50
372,Au,L,a,Cu,20.00,0.8015,0.7520,52.50
373,Au,L,a,Cu,25.00,0.8015,0.7450,52.50
374,Au,L,a,Cu,30.00,0.8015,0.7540,52.50
375,Au,L,a,Cu,35.00,0.8015,0.7580,52.50
376,Au,L,a,Cu,40.00,0.8015,0.7510,52.50
377,Au,M,a,Cu,10.00,0.2012,0.1540,52.50
378,Au,M,a,Cu,20.00,0.2012,0.1400,52.50
379,Au,M,a,Cu,30.00,0.2012,0.1220,52.50
380,Au,M,a,Cu,40.00,0.2012,0.1100,52.50
381,Au,M,a,Cu,10.00,0.4010,0.3320,52.50
382,Au,M,a,Cu,20.00,0.4010,0.3040,52.50
383,Au,M,a,Cu,30.00,0.4010,0.2750,52.50
384,Au,M,a,Cu,40.00,0.4010,0.2530,52.50
385,Au,M,a,Cu,10.00,0.6036,0.5310,52.50
386,Au,M,a,Cu,20.00,0.6036,0.5000,52.50
387,Au,M,a,Cu,30.00,0.6036,0.4620,52.50
388,Au,M,a,Cu,40.00,0.6036,0.4280,52.50
389,Au,M,a,Cu,10.00,0.8015,0.7490,52.50
390,Au,M,a,Cu,20.00,0.8015,0.7280,52.50
391,Au,M,a,Cu,30.00,0.8015,0.7040,52.50
392,Au,M,a,Cu,40.00,0.8015,0.6750,52.50
393,Sb,L,a,Bi,10.00,0.6255,0.6255,52.50
394,Sb,L,a,Bi,15.00,0.6255,0.5908,52.50
395,Sb,L,a,Bi,20.00,0.6255,0.5567,52.50
396,Sb,L,a,Bi,25.00,0.6255,0.5268,52.50
397,Sb,L,a,Bi,30.00,0.6255,0.4990,52.50
398,Sb,L,a,Bi,10.00,0.5344,0.5344,52.50
399,Sb,L,a,Bi,15.00,0.5344,0.4980,52.50
400,Sb,L,a,Bi,20.00,0.5344,0.4632,52.50
401,Sb,L,a,Bi,25.00,0.5344,0.4335,52.50
402,Sb,L,a,Bi,30.00,0.5344,0.4063,52.50
403,Sb,L,a,Bi,10.00,0.4602,0.4602,52.50
404,Sb,L,a,Bi,15.00,0.4602,0.4242,52.50
405,Sb,L,a,Bi,20.00,0.4602,0.3906,52.50
406,Sb,L,a,Bi,25.00,0.4602,0.3624,52.50
407,Sb,L,a,Bi,30.00,0.4602,0.3370,52.50
408,Sb,L,a,Bi,10.00,0.3130,0.3130,52.50
409,Sb,L,a,Bi,15.00,0.3130,0.2825,52.50
410,Sb,L,a,Bi,20.00,0.3130,0.2552,52.50
411,Sb,L,a,Bi,25.00,0.3130,0.2330,52.50
412,Sb,L,a,Bi,30.00,0.3130,0.2136,52.50
413,Sb,L,a,Bi,10.00,0.1664,0.1664,52.50
414,Sb,L,a,Bi,15.00,0.1664,0.1471,52.50
415,Sb,L,a,Bi,20.00,0.1664,0.1305,52.50
416,Sb,L,a,Bi,25.00,0.1664,0.1174,52.50
417,Sb,L,a,Bi,30.00,0.1664,0.1064,52.50
418,Sb,L,a,Bi,10.00,0.1058,0.1058,52.50
419,Sb,L,a,Bi,15.00,0.1058,0.0928,52.50
420,Sb,L,a,Bi,20.00,0.1058,0.0817,52.50
421,Sb,L,a,Bi,25.00,0.1058,0.0731,52.50
422,Sb,L,a,Bi,30.00,0.1058,0.0659,52.50
423,Sb,L,a,Bi,10.00,0.0502,0.0502,52.50
424,Sb,L,a,Bi,15.00,0.0502,0.0437,52.50
425,Sb,L,a,Bi,20.00,0.0502,0.0382,52.50
426,Sb,L,a,Bi,25.00,0.0502,0.0340,52.50
427,Sb,L,a,Bi,30.00,0.0502,0.0306,52.50
428,Sb,L,a,Bi,10.00,0.0277,0.0277,52.50
429,Sb,L,a,Bi,15.00,0.0277,0.0240,52.50
430,Sb,L,a,Bi,20.00,0.0277,0.0210,52.50
431,U,M,b,C,10.00,0.9084,0.8493,52.50
432,U,M,b,C,15.00,0.9084,0.8588,52.50
433,U,M,b,C,20.00,0.9084,0.8648,52.50
434,U,M,b,C,25.00,0.9084,0.8709,52.50
435,U,M,b,C,30.00,0.9084,0.8747,52.50
436,U,M,b,C,35.00,0.9084,0.8746,52.50
437,U,M,b,N,10.00,0.9444,0.9061,52.50
438,U,M,b,N,15.00,0.9444,0.9129,52.50
439,U,M,b,N,20.00,0.9444,0.9179,52.50
440,U,M,b,N,25.00,0.9444,0.9218,52.50
441,U,M,b,N,30.00,0.9444,0.9243,52.50
442,U,M,b,N,35.00,0.9444,0.9259,52.50
443,U,M,b,Si,10.00,0.9622,0.9395,52.50
444,U,M,b,Si,15.00,0.9622,0.9433,52.50
445,U,M,b,Si,20.00,0.9622,0.9471,52.50
446,U,M,b,Si,25.00,0.9622,0.9493,52.50
447,U,M,b,Si,30.00,0.9622,0.9507,52.50
448,U,M,b,Si,35.00,0.9622,0.9521,52.50
449,U,M,b,P,10.00,0.8849,0.8242,52.50
450,U,M,b,P,15.00,0.8849,0.8349,52.50
451,U,M,b,P,20.00,0.8849,0.8432,52.50
452,U,M,b,P,25.00,0.8849,0.8506,52.50
453,U,M,b,P,30.00,0.8849,0.8544,52.50
454,U,M,b,P,35.00,0.8849,0.8592,52.50
455,U,M,b,S,10.00,0.8813,0.8191,52.50
456,U,M,b,S,15.00,0.8813,0.8291,52.50
457,U,M,b,S,20.00,0.8813,0.8394,52.50
458,U,M,b,S,25.00,0.8813,0.8452,52.50
459,U,M,b,S,30.00,0.8813,0.8500,52.50
460,U,M,b,S,35.00,0.8813,0.8530,52.50
461,U,M,b,Fe,10.00,0.9624,0.9436,52.50
462,U,M,b,Fe,15.00,0.9624,0.9478,52.50
463,U,M,b,Fe,20.00,0.9624,0.9506,52.50
464,U,M,b,Fe,25.00,0.9624,0.9524,52.50
465,U,M,b,Fe,30.00,0.9624,0.9538,52.50
466,U,M,b,Fe,35.00,0.9624,0.9549,52.50
467,Pb,L,a,S,20.00,0.8660,0.8070,75.00
468,Pb,L,a,S,25.00,0.8660,0.8090,75.00
469,Pb,L,a,S,30.00,0.8660,0.8130,75.00
470,Pb,L,a,S,35.00,0.8660,0.8180,75.00
471,Pb,L,a,S,40.00,0.8660,0.8260,75.00
472,Zn,K,a,S,20.00,0.6710,0.6200,75.00
473,Zn,K,a,S,25.00,0.6710,0.6260,75.00
474,Zn,K,a,S,30.00,0.6710,0.6280,75.00
475,B,K,a,C,4.00,0.7981,0.7768,40.00
476,B,K,a,C,6.00,0.7981,0.7754,40.00
477,B,K,a,C,8.00,0.7981,0.7471,40.00
478,B,K,a,C,10.00,0.7981,0.7309,40.00
479,B,K,a,C,12.00,0.7981,0.7132,40.00
480,B,K,a,C,15.00,0.7981,0.6853,40.00
481,B,K,a,C,20.00,0.7981,0.6544,40.00
482,B,K,a,C,25.00,0.7981,0.6516,40.00
483,B,K,a,C,30.00,0.7981,0.6574,40.00
484,Si,K,a,C,4.00,0.7005,0.6800,40.00
485,Si,K,a,C,6.00,0.7005,0.6798,40.00
486,Si,K,a,C,8.00,0.7005,0.6790,40.00
487,Si,K,a,C,10.00,0.7005,0.6787,40.00
488,Si,K,a,C,12.00,0.7005,0.6780,40.00
489,Si,K,a,C,15.00,0.7005,0.6762,40.00
490,Si,K,a,C,20.00,0.7005,0.6730,40.00
491,Si,K,a,C,25.00,0.7005,0.6682,40.00
492,Si,K,a,C,30.00,0.7005,0.6630,40.00
493,Ti,K,a,C,6.00,0.8160,0.7832,40.00
494,Ti,K,a,C,8.00,0.8160,0.7862,40.00
495,Ti,K,a,C,10.00,0.8160,0.7888,40.00
496,Ti,K,a,C,12.00,0.8160,0.7910,40.00
497,Ti,K,a,C,15.00,0.8160,0.7938,40.00
498,Ti,K,a,C,20.00,0.8160,0.7980,40.00
499,Ti,K,a,C,25.00,0.8160,0.8012,40.00
500,Ti,K,a,C,30.00,0.8160,0.8033,40.00
501,V,K,a,C,6.00,0.8400,0.7952,40.00
502,V,K,a,C,8.00,0.8400,0.8013,40.00
503,V,K,a,C,10.00,0.8400,0.8065,40.00
504,V,K,a,C,12.00,0.8400,0.8111,40.00
505,V,K,a,C,15.00,0.8400,0.8162,40.00
506,V,K,a,C,20.00,0.8400,0.8220,40.00
507,V,K,a,C,25.00,0.8400,0.8265,40.00
508,V,K,a,C,30.00,0.8400,0.8295,40.00
509,Cr,K,a,C,8.00,0.9432,0.9252,40.00
510,Cr,K,a,C,10.00,0.9432,0.9257,40.00
511,Cr,K,a,C,12.00,0.9432,0.9259,40.00
512,Cr,K,a,C,15.00,0.9432,0.9261,40.00
513,Cr,K,a,C,20.00,0.9432,0.9265,40.00
514,Cr,K,a,C,25.00,0.9432,0.9271,40.00
515,Cr,K,a,C,30.00,0.9432,0.9278,40.00
516,Cr,K,a,C,8.00,0.9090,0.8790,40.00
517,Cr,K,a,C,10.00,0.9090,0.8819,40.00
518,Cr,K,a,C,12.00,0.9090,0.8842,40.00
519,Cr,K,a,C,15.00,0.9090,0.8875,40.00
520,Cr,K,a,C,20.00,0.9090,0.8918,40.00
521,Cr,K,a,C,25.00,0.9090,0.8950,40.00
522,Cr,K,a,C,30.00,0.9090,0.8972,40.00
523,Cr,K,a,C,8.00,0.8666,0.8310,40.00
524,Cr,K,a,C,10.00,0.8666,0.8322,40.00
525,Cr,K,a,C,12.00,0.8666,0.8358,40.00
526,Cr,K,a,C,15.00,0.8666,0.8385,40.00
527,Cr,K,a,C,20.00,0.8666,0.8422,40.00
528,Cr,K,a,C,25.00,0.8666,0.8455,40.00
529,Cr,K,a,C,30.00,0.8666,0.8478,40.00
530,Fe,K,a,C,8.00,0.9333,0.9172,40.00
531,Fe,K,a,C,10.00,0.9333,0.9194,40.00
532,Fe,K,a,C,12.00,0.9333,0.9215,40.00
533,Fe,K,a,C,15.00,0.9333,0.9239,40.00
534,Fe,K,a,C,20.00,0.9333,0.9270,40.00
535,Fe,K,a,C,25.00,0.9333,0.9290,40.00
536,Fe,K,a,C,30.00,0.9333,0.9304,40.00
537,Zr,L,a,C,4.00,0.9145,0.8981,40.00
538,Zr,L,a,C,6.00,0.9145,0.9011,40.00
539,Zr,L,a,C,8.00,0.9145,0.9033,40.00
540,Zr,L,a,C,10.00,0.9145,0.9055,40.00
541,Zr,L,a,C,12.00,0.9145,0.9070,40.00
542,Zr,L,a,C,15.00,0.9145,0.9088,40.00
543,Zr,L,a,C,20.00,0.9145,0.9095,40.00
544,Zr,L,a,C,25.00,0.9145,0.9100,40.00
545,Zr,L,a,C,30.00,0.9145,0.9110,40.00
546,Nb,L,a,C,4.00,0.9145,0.8750,40.00
547,Nb,L,a,C,6.00,0.9145,0.8822,40.00
548,Nb,L,a,C,8.00,0.9145,0.8880,40.00
549,Nb,L,a,C,10.00,0.9145,0.8930,40.00
550,Nb,L,a,C,12.00,0.9145,0.8970,40.00
551,Nb,L,a,C,15.00,0.9145,0.9022,40.00
552,Nb,L,a,C,20.00,0.9145,0.9088,40.00
553,Nb,L,a,C,25.00,0.9145,0.9135,40.00
554,Nb,L,a,C,30.00,0.9145,0.9175,40.00
555,Mo,L,a,C,4.00,0.9442,0.9060,40.00
556,Mo,L,a,C,6.00,0.9442,0.9128,40.00
557,Mo,L,a,C,8.00,0.9442,0.9182,40.00
558,Mo,L,a,C,10.00,0.9442,0.9225,40.00
559,Mo,L,a,C,12.00,0.9442,0.9264,40.00
560,Mo,L,a,C,15.00,0.9442,0.9312,40.00
561,Mo,L,a,C,20.00,0.9442,0.9373,40.00
562,Mo,L,a,C,25.00,0.9442,0.9418,40.00
563,Mo,L,a,C,30.00,0.9442,0.9458,40.00
564,Ta,M,a,C,4.00,0.9400,0.8765,40.00
565,Ta,M,a,C,6.00,0.9400,0.8815,40.00
566,Ta,M,a,C,8.00,0.9400,0.8862,40.00
567,Ta,M,a,C,10.00,0.9400,0.8905,40.00
568,Ta,M,a,C,12.00,0.9400,0.8943,40.00
569,Ta,M,a,C,15.00,0.9400,0.9000,40.00
570,Ta,M,a,C,20.00,0.9400,0.9088,40.00
571,Ta,M,a,C,25.00,0.9400,0.9162,40.00
572,Ta,M,a,C,30.00,0.9400,0.9220,40.00
573,Ta,L,a,C,12.00,0.9400,0.8820,40.00
574,Ta,L,a,C,15.00,0.9400,0.8886,40.00
575,Ta,L,a,C,20.00,0.9400,0.8980,40.00
576,Ta,L,a,C,25.00,0.9400,0.9060,40.00
577,Ta,L,a,C,30.00,0.9400,0.9130,40.00
578,Ta,M,a,C,4.00,0.9700,0.9342,40.00
579,Ta,M,a,C,6.00,0.9700,0.9390,40.00
580,Ta,M,a,C,8.00,0.9700,0.9428,40.00
581,Ta,M,a,C,10.00,0.9700,0.9462,40.00
582,Ta,M,a,C,12.00,0.9700,0.9490,40.00
583,Ta,M,a,C,15.00,0.9700,0.9540,40.00
584,Ta,M,a,C,20.00,0.9700,0.9602,40.00
585,Ta,M,a,C,25.00,0.9700,0.9660,40.00
586,Ta,M,a,C,30.00,0.9700,0.9702,40.00
587,Ta,L,a,C,12.00,0.9700,0.9348,40.00
588,Ta,L,a,C,15.00,0.9700,0.9406,40.00
589,Ta,L,a,C,20.00,0.9700,0.9453,40.00
590,Ta,L,a,C,25.00,0.9700,0.9503,40.00
591,Ta,L,a,C,30.00,0.9700,0.9543,40.00
592,W,M,a,C,4.00,0.9387,0.8560,40.00
593,W,M,a,C,6.00,0.9387,0.8712,40.00
594,W,M,a,C,8.00,0.9387,0.8823,40.00
595,W,M,a,C,10.00,0.9387,0.8910,40.00
596,W,M,a,C,12.00,0.9387,0.8987,40.00
597,W,M,a,C,15.00,0.9387,0.9081,40.00
598,W,M,a,C,20.00,0.9387,0.9212,40.00
599,W,M,a,C,25.00,0.9387,0.9328,40.00
600,W,M,a,C,30.00,0.9387,0.9428,40.00
601,W,L,a,C,12.00,0.9387,0.8558,40.00
602,W,L,a,C,15.00,0.9387,0.8782,40.00
603,W,L,a,C,20.00,0.9387,0.8975,40.00
604,W,L,a,C,25.00,0.9387,0.9093,40.00
605,W,L,a,C,30.00,0.9387,0.9178,40.00
606,W,M,a,C,4.00,0.9700,0.8865,40.00
607,W,M,a,C,6.00,0.9700,0.9060,40.00
608,W,M,a,C,8.00,0.9700,0.9178,40.00
609,W,M,a,C,10.00,0.9700,0.9272,40.00
610,W,M,a,C,12.00,0.9700,0.9350,40.00
611,W,M,a,C,15.00,0.9700,0.9443,40.00
612,W,M,a,C,20.00,0.9700,0.9568,40.00
613,W,M,a,C,25.00,0.9700,0.9668,40.00
614,W,M,a,C,30.00,0.9700,0.9756,40.00
615,W,L,a,C,12.00,0.9700,0.9153,40.00
616,W,L,a,C,15.00,0.9700,0.9290,40.00
617,W,L,a,C,20.00,0.9700,0.9432,40.00
618,W,L,a,C,25.00,0.9700,0.9522,40.00
619,W,L,a,C,30.00,0.9700,0.9580,40.00
620,Al,K,a,Ti,7.00,0.3980,0.3853,40.00
621,Al,K,a,Ti,10.50,0.3980,0.3543,40.00
622,Al,K,a,Ti,15.70,0.3980,0.3008,40.00
623,Al,K,a,Ti,20.80,0.3980,0.2585,40.00
624,Al,K,a,Ti,26.00,0.3980,0.2162,40.00
625,Al,K,a,Ti,31.30,0.3980,0.1870,40.00
626,Al,K,a,Ti,36.40,0.3980,0.1579,40.00
627,Al,K,a,Ti,40.00,0.3980,0.1429,40.00
628,Al,K,a,Ni,5.30,0.3090,0.2957,40.00
629,Al,K,a,Ni,10.50,0.3090,0.2184,40.00
630,Al,K,a,Ni,15.90,0.3090,0.1576,40.00
631,Al,K,a,Ni,21.20,0.3090,0.1141,40.00
632,Al,K,a,Ni,26.60,0.3090,0.0878,40.00
633,Al,K,a,Ni,31.90,0.3090,0.0683,40.00
634,Al,K,a,Ni,37.20,0.3090,0.0570,40.00
635,Al,K,a,Ni,5.30,0.1250,0.1246,40.00
636,Al,K,a,Ni,10.50,0.1250,0.0848,40.00
637,Al,K,a,Ni,15.90,0.1250,0.0585,40.00
638,Al,K,a,Ni,21.20,0.1250,0.0405,40.00
639,Al,K,a,Ni,26.60,0.1250,0.0307,40.00
640,Al,K,a,Ni,31.90,0.1250,0.0233,40.00
641,Al,K,a,Ni,5.30,0.0490,0.0473,40.00
642,Al,K,a,Ni,10.50,0.0490,0.0315,40.00
643,Al,K,a,Ni,15.90,0.0490,0.0210,40.00
644,Cu,L,a,Ni,2.50,0.5650,0.5135,40.00
645,Cu,L,a,Ni,5.00,0.5650,0.4487,40.00
646,Cu,L,a,Ni,7.60,0.5650,0.3876,40.00
647,Cu,L,a,Ni,10.20,0.5650,0.3303,40.00
648,Cu,L,a,Ni,12.60,0.5650,0.2823,40.00
649,Cu,L,a,Ni,15.30,0.5650,0.2419,40.00
650,Cu,L,a,Ni,20.50,0.5650,0.1930,40.00
651,Cu,L,a,Ni,25.60,0.5650,0.1648,40.00
652,Cu,L,a,Ni,30.80,0.5650,0.1489,40.00
653,Cu,L,a,Ni,35.50,0.5650,0.1395,40.00
654,Cu,L,a,Ni,40.00,0.5650,0.1310,40.00
655,Cu,L,a,Au,5.20,0.7000,0.7143,40.00
656,Cu,L,a,Au,10.40,0.7000,0.6259,40.00
657,Cu,L,a,Au,15.70,0.7000,0.5489,40.00
658,Cu,L,a,Au,20.80,0.7000,0.4981,40.00
659,Cu,L,a,Au,26.10,0.7000,0.4662,40.00
660,Cu,L,a,Au,31.30,0.7000,0.4398,40.00
661,Cu,L,a,Au,36.50,0.7000,0.4229,40.00
662,Cu,L,a,Au,39.50,0.7000,0.4173,40.00
663,Cu,L,a,Au,5.20,0.4920,0.5019,40.00
664,Cu,L,a,Au,10.40,0.4920,0.4098,40.00
665,Cu,L,a,Au,15.70,0.4920,0.3383,40.00
666,Cu,L,a,Au,20.80,0.4920,0.2932,40.00
667,Cu,L,a,Au,26.10,0.4920,0.2632,40.00
668,Cu,L,a,Au,31.30,0.4920,0.2444,40.00
669,Cu,L,a,Au,36.50,0.4920,0.2368,40.00
670,Cu,L,a,Au,39.50,0.4920,0.2331,40.00
671,Ti,K,a,Al,15.70,0.6020,0.5789,40.00
672,Ti,K,a,Al,20.90,0.6020,0.5605,40.00
673,Ti,K,a,Al,26.10,0.6020,0.5580,40.00
674,Ti,K,a,Al,31.30,0.6020,0.5435,40.00
675,Ti,K,a,Al,36.50,0.6020,0.5437,40.00
676,Ti,K,a,Al,40.00,0.6020,0.5380,40.00
677,Au,L,a,Cu,13.00,0.3000,0.2319,40.00
678,Au,L,a,Cu,15.70,0.3000,0.2278,40.00
679,Au,L,a,Cu,20.90,0.3000,0.2365,40.00
680,Au,L,a,Cu,26.10,0.3000,0.2402,40.00
681,Au,L,a,Cu,31.30,0.3000,0.2413,40.00
682,Au,L,a,Cu,36.50,0.3000,0.2381,40.00
683,Au,L,a,Cu,39.50,0.3000,0.2377,40.00
684,Au,L,a,Cu,13.00,0.5080,0.4174,40.00
685,Au,L,a,Cu,15.70,0.5080,0.4142,40.00
686,Au,L,a,Cu,20.90,0.5080,0.4285,40.00
687,Au,L,a,Cu,26.10,0.5080,0.4348,40.00
688,Au,L,a,Cu,31.30,0.5080,0.4337,40.00
689,Au,L,a,Cu,36.50,0.5080,0.4282,40.00
690,Au,L,a,Cu,39.50,0.5080,0.4279,40.00
691,Cu,K,a,Au,13.00,0.7000,0.7758,40.00
692,Cu,K,a,Au,15.70,0.7000,0.7583,40.00
693,Cu,K,a,Au,20.90,0.7000,0.7468,40.00
694,Cu,K,a,Au,26.10,0.7000,0.7387,40.00
695,Cu,K,a,Au,31.30,0.7000,0.7270,40.00
696,Cu,K,a,Au,36.50,0.7000,0.7223,40.00
697,Cu,K,a,Au,39.50,0.7000,0.7161,40.00
698,Cu,K,a,Au,13.00,0.4920,0.5850,40.00
699,Cu,K,a,Au,15.70,0.4920,0.5697,40.00
700,Cu,K,a,Au,20.90,0.4920,0.5534,40.00
701,Cu,K,a,Au,26.10,0.4920,0.5403,40.00
702,Cu,K,a,Au,31.30,0.4920,0.5298,40.00
703,Cu,K,a,Au,36.50,0.4920,0.5229,40.00
704,Cu,K,a,Au,39.50,0.4920,0.5160,40.00
705,Al,K,a,Cu,15.90,0.9445,0.8801,40.00
706,Al,K,a,Cu,21.20,0.9445,0.8441,40.00
707,Al,K,a,Cu,31.80,0.9445,0.7637,40.00
708,Al,K,a,Cu,39.90,0.9445,0.7065,40.00
709,Cu,K,a,Al,15.90,0.0555,0.0469,40.00
710,Cu,K,a,Al,21.20,0.0555,0.0479,40.00
711,Cu,K,a,Al,31.80,0.0555,0.0487,40.00
712,Cu,K,a,Al,39.30,0.0555,0.0483,40.00
713,Cu,L,a,Al,15.90,0.0555,0.0515,40.00
714,Cu,L,a,Al,21.20,0.0555,0.0523,40.00
715,Cu,L,a,Al,31.80,0.0555,0.0514,40.00
716,Cu,L,a,Al,39.90,0.0555,0.0509,40.00
717,Ag,L,b,Au,15.00,0.1996,0.1670,52.50
718,Ag,L,b,Au,20.00,0.1996,0.1460,52.50
719,Ag,L,b,Au,30.00,0.1996,0.1120,52.50
720,Ag,L,b,Au,40.00,0.1996,0.0898,52.50
721,Ag,L,b,Au,48.50,0.1996,0.0720,52.50
722,Ag,L,b,Au,15.00,0.3992,0.3490,52.50
723,Ag,L,b,Au,20.00,0.3992,0.3120,52.50
724,Ag,L,b,Au,30.00,0.3992,0.2530,52.50
725,Ag,L,b,Au,40.00,0.3992,0.2090,52.50
726,Ag,L,b,Au,48.50,0.3992,0.1750,52.50
727,Ag,L,b,Au,15.00,0.5993,0.5480,52.50
728,Ag,L,b,Au,20.00,0.5993,0.5060,52.50
729,Ag,L,b,Au,30.00,0.5993,0.4360,52.50
730,Ag,L,b,Au,40.00,0.5993,0.3680,52.50
731,Ag,L,b,Au,48.50,0.5993,0.3400,52.50
732,Ag,L,b,Au,15.00,0.7758,0.7420,52.50
733,Ag,L,b,Au,20.00,0.7758,0.7000,52.50
734,Ag,L,b,Au,30.00,0.7758,0.6450,52.50
735,Ag,L,b,Au,40.00,0.7758,0.5740,52.50
736,Ag,L,b,Au,48.50,0.7758,0.5420,52.50
737,Pd,L,a,Au,5.20,0.3590,0.3921,40.00
738,Pd,L,a,Au,10.30,0.3590,0.3342,40.00
739,Pd,L,a,Au,15.50,0.3590,0.2876,40.00
740,Pd,L,a,Au,20.70,0.3590,0.2445,40.00
741,Pd,L,a,Au,25.80,0.3590,0.2154,40.00
742,Pd,L,a,Au,31.00,0.3590,0.1898,40.00
743,Pd,L,a,Au,36.20,0.3590,0.1742,40.00
744,Au,M,a,Pd,5.20,0.6410,0.5786,40.00
745,Au,M,a,Pd,10.30,0.6410,0.5936,40.00
746,Au,M,a,Pd,15.50,0.6410,0.6005,40.00
747,Au,M,a,Pd,20.70,0.6410,0.6033,40.00
748,Au,M,a,Pd,25.80,0.6410,0.5962,40.00
749,Au,M,a,Pd,31.00,0.6410,0.5928,40.00
750,Au,M,a,Pd,36.20,0.6410,0.5883,40.00
751,Cu,K,a,Ni,10.10,0.5650,0.5580,40.00
752,Cu,K,a,Ni,12.50,0.5650,0.5547,40.00
753,Cu,K,a,Ni,15.30,0.5650,0.5556,40.00
754,Cu,K,a,Ni,20.40,0.5650,0.5574,40.00
755,Cu,K,a,Ni,25.60,0.5650,0.5610,40.00
756,Cu,K,a,Ni,30.70,0.5650,0.5587,40.00
757,Cu,K,a,Ni,40.00,0.5650,0.5557,40.00
758,Cu,K,b,Ni,10.20,0.5650,0.5494,40.00
759,Cu,K,b,Ni,12.50,0.5650,0.5418,40.00
760,Cu,K,b,Ni,15.30,0.5650,0.5334,40.00
761,Cu,K,b,Ni,20.50,0.5650,0.5308,40.00
762,Cu,K,b,Ni,25.60,0.5650,0.5143,40.00
763,Cu,K,b,Ni,30.70,0.5650,0.5014,40.00
764,Cu,K,b,Ni,40.00,0.5650,0.4770,40.00
765,Ni,K,b,Cu,10.20,0.4350,0.4473,40.00
766,Ni,K,b,Cu,12.50,0.4350,0.4509,40.00
767,Ni,K,b,Cu,15.30,0.4350,0.4504,40.00
768,Ni,K,b,Cu,20.50,0.4350,0.4387,40.00
769,Ni,K,b,Cu,25.60,0.4350,0.4454,40.00
770,Ni,K,b,Cu,30.70,0.4350,0.4457,40.00
771,Ni,K,b,Cu,40.00,0.4350,0.4460,40.00
772,B,K,a,N,4.00,0.4355,0.3747,40.00
773,B,K,a,N,6.00,0.4355,0.3317,40.00
774,B,K,a,N,8.00,0.4355,0.2856,40.00
775,B,K,a,N,10.00,0.4355,0.2539,40.00
776,B,K,a,N,12.00,0.4355,0.2316,40.00
777,B,K,a,N,15.00,0.4355,0.2049,40.00
778,B,K,a,N,20.00,0.4355,0.1823,40.00
779,B,K,a,N,25.00,0.4355,0.1800,40.00
780,B,K,a,N,30.00,0.4355,0.1834,40.00
781,Si,K,a,N,4.00,0.6006,0.5640,40.00
782,Si,K,a,N,6.00,0.6006,0.5655,40.00
783,Si,K,a,N,8.00,0.6006,0.5660,40.00
784,Si,K,a,N,10.00,0.6006,0.5640,40.00
785,Si,K,a,N,12.00,0.6006,0.5625,40.00
786,Si,K,a,N,15.00,0.6006,0.5570,40.00
787,Si,K,a,N,20.00,0.6006,0.5450,40.00
788,Cr,K,a,N,8.00,0.8882,0.8518,40.00
789,Cr,K,a,N,10.00,0.8882,0.8595,40.00
790,Cr,K,a,N,12.00,0.8882,0.8635,40.00
791,Cr,K,a,N,15.00,0.8882,0.8680,40.00
792,Cr,K,a,N,20.00,0.8882,0.8740,40.00
793,Cr,K,a,N,25.00,0.8882,0.8783,40.00
794,Cr,K,a,N,30.00,0.8882,0.8805,40.00
795,Cr,K,a,N,8.00,0.7878,0.7290,40.00
796,Cr,K,a,N,10.00,0.7878,0.7365,40.00
797,Cr,K,a,N,12.00,0.7878,0.7433,40.00
798,Cr,K,a,N,15.00,0.7878,0.7505,40.00
799,Cr,K,a,N,20.00,0.7878,0.7595,40.00
800,Cr,K,a,N,25.00,0.7878,0.7650,40.00
801,Cr,K,a,N,30.00,0.7878,0.7685,40.00
802,Fe,K,a,N,8.00,0.9440,0.9118,40.00
803,Fe,K,a,N,10.00,0.9440,0.9140,40.00
804,Fe,K,a,N,12.00,0.9440,0.9173,40.00
805,Fe,K,a,N,15.00,0.9440,0.9202,40.00
806,Fe,K,a,N,20.00,0.9440,0.9240,40.00
807,Fe,K,a,N,25.00,0.9440,0.9260,40.00
808,Fe,K,a,N,30.00,0.9440,0.9270,40.00
809,Nb,L,a,N,4.00,0.9299,0.9042,40.00
810,Nb,L,a,N,6.00,0.9299,0.9068,40.00
811,Nb,L,a,N,8.00,0.9299,0.9097,40.00
812,Nb,L,a,N,10.00,0.9299,0.9120,40.00
813,Nb,L,a,N,12.00,0.9299,0.9130,40.00
814,Nb,L,a,N,15.00,0.9299,0.9140,40.00
815,Nb,L,a,N,20.00,0.9299,0.9158,40.00
816,Nb,L,a,N,25.00,0.9299,0.9162,40.00
817,Nb,L,a,N,30.00,0.9299,0.9165,40.00
818,Mo,L,a,N,4.00,0.9420,0.8964,40.00
819,Mo,L,a,N,6.00,0.9420,0.9023,40.00
820,Mo,L,a,N,8.00,0.9420,0.9078,40.00
821,Mo,L,a,N,10.00,0.9420,0.9122,40.00
822,Mo,L,a,N,12.00,0.9420,0.9163,40.00
823,Mo,L,a,N,15.00,0.9420,0.9220,40.00
824,Mo,L,a,N,20.00,0.9420,0.9268,40.00
825,Mo,L,a,N,25.00,0.9420,0.9360,40.00
826,Mo,L,a,N,30.00,0.9420,0.9399,40.00
